City,Country,Date,Longitude,Latitude,Cloudiness,Humidity,Max Temp,Wind Speed
Hammerfest,NO,1541447400,23.68,70.66,75,93,47.46,36.91
Mataura,NZ,1541450657,168.86,-46.19,0,75,59.54,4.72
Hobart,AU,1541449800,147.33,-42.88,75,82,55.4,4.34
Nikolskoye,RU,1541448000,30.79,59.7,90,93,35.6,4.47
Punta Arenas,CL,1541448000,-70.91,-53.16,40,45,46.4,29.97
Grindavik,IS,1541449800,-22.43,63.84,75,74,32.76,12.75
Bluff,AU,1541450524,149.07,-23.58,8,86,70.75,9.15
Puerto Ayora,EC,1541448000,-90.35,-0.74,75,74,78.8,3.36
Atuona,PF,1541450658,-139.03,-9.8,76,100,80.47,18.54
Geraldton,CA,1541448000,-86.95,49.72,90,100,35.6,6.93
Lorengau,PG,1541450649,147.27,-2.02,24,100,80.42,5.73
Port Lincoln,AU,1541450659,135.86,-34.72,88,97,59.09,15.97
Saint-Joseph,FR,1541448000,6.97,43.56,75,87,62.04,8.05
Kidal,ML,1541450659,1.41,18.44,0,32,68.23,3.11
Albany,US,1541447640,-73.75,42.65,90,76,45.73,6.93
Kapaa,US,1541447760,-159.32,22.08,40,67,81.45,14.99
Vaini,IN,1541450659,74.49,15.34,32,94,68.27,2.21
Ushuaia,AR,1541448000,-68.31,-54.81,40,67,43.99,29.97
Faanui,PF,1541450660,-151.75,-16.48,36,100,80.87,11.16
Tyukhtet,RU,1541450660,89.31,56.54,88,90,31.64,15.79
Fukue,JP,1541449260,136.69,35.03,75,93,63.54,2.24
Tasiilaq,GL,1541447400,-37.64,65.61,88,80,30.2,41.52
Mar del Plata,AR,1541450660,-67.52,-46.43,68,44,53.87,19.93
East London,ZA,1541450526,27.91,-33.02,92,100,62.51,24.74
Saint-Louis,CH,1541449200,7.56,47.59,90,100,41.86,2.24
Broken Hill,AU,1541450661,141.45,-31.97,20,69,73.85,14.29
Dakar,SN,1541448000,-17.45,14.69,12,88,75.2,4.7
Cape Town,ZA,1541448000,18.42,-33.93,40,71,51.8,5.82
Camacha,PT,1541448000,-16.33,33.08,40,55,64.4,9.17
Salalah,OM,1541447400,54.1,17.01,20,78,78.8,6.93
Airai,TL,1541450662,125.41,-8.93,0,88,65.3,1.99
Nusaybin,TR,1541448000,41.21,37.08,75,81,53.6,9.17
Castro,CL,1541450662,-73.76,-42.48,24,71,51.17,7.29
Troitskoye,RU,1541450663,84.68,52.98,88,85,33.22,16.58
Butaritari,KI,1541450663,172.79,3.07,0,100,84.65,6.13
Rikitea,PF,1541450495,-134.97,-23.12,0,100,73.4,17.36
Marawi,PH,1541450663,124.29,8.0,68,95,67.42,2.26
Provideniya,RU,1541448000,-173.23,64.42,75,93,37.4,13.42
Yellowknife,CA,1541448000,-114.38,62.45,20,77,1.4,10.29
Chokurdakh,RU,1541450663,147.9,70.62,36,66,-14.58,3.04
High Rock,BS,1541448000,-78.28,26.63,40,66,84.2,3.36
Tuatapere,NZ,1541450664,167.69,-46.13,0,80,57.88,9.93
Buraydah,SA,1541448000,43.97,26.33,75,100,66.2,10.29
Lasa,CY,1541448000,32.53,34.92,0,63,67.5,8.05
Richards Bay,ZA,1541450664,32.06,-28.77,100,96,69.53,2.55
Chicama,PE,1541448000,-79.15,-7.84,20,82,68.0,13.87
Changping,CN,1541448000,116.23,40.22,0,86,33.8,4.47
Rio Grande,BR,1541448000,-52.1,-32.03,20,65,77.0,20.8
Bilibino,RU,1541450665,166.44,68.06,36,70,-11.16,2.33
Aswan,EG,1541448000,32.9,24.09,0,19,69.8,6.93
Naze,NG,1541448000,7.07,5.43,40,94,78.8,4.7
Erenhot,CN,1541450666,111.97,43.65,0,68,10.18,5.73
Tiksi,RU,1541450666,128.87,71.64,56,65,-4.18,3.83
Weyburn,CA,1541450666,-103.85,49.67,92,97,29.84,22.17
Mount Isa,AU,1541449800,139.49,-20.73,0,61,80.6,4.7
Saint-Philippe,CA,1541449440,-73.48,45.36,90,93,39.2,9.17
Carnarvon,ZA,1541450667,22.13,-30.97,0,46,42.35,15.41
Morlaix,FR,1541448000,-3.83,48.58,90,93,52.72,3.36
Avarua,CK,1541448000,-159.78,-21.21,75,61,77.0,6.93
Fortuna,ES,1541448000,-1.13,38.18,20,93,50.0,6.93
Husavik,CA,1541450667,-96.99,50.56,44,100,37.76,5.39
Aasiaat,GL,1541450668,-52.87,68.71,0,100,17.42,6.73
Yulara,AU,1541448000,130.99,-25.24,40,94,71.6,4.7
Finnentrop,DE,1541449200,7.97,51.17,0,93,50.0,2.24
Ribeira Grande,PT,1541448000,-28.7,38.52,75,82,68.0,17.22
Georgetown,GY,1541450553,-58.16,6.8,32,82,82.31,3.38
Eureka,US,1541450400,-124.16,40.8,1,51,61.52,17.22
Ostrovnoy,RU,1541450669,39.51,68.05,88,96,37.04,15.9
Bagotville,AU,1541450669,153.42,-28.98,8,95,74.93,7.81
Eyl,SO,1541450407,49.82,7.98,0,99,77.99,13.78
Petropavlovsk-Kamchatskiy,RU,1541448000,158.65,53.05,24,79,24.8,8.95
Bethel,US,1541447580,-161.76,60.79,90,92,35.96,11.41
Thompson,CA,1541448000,-97.86,55.74,90,92,26.6,16.11
Nuuk,GL,1541447400,-51.74,64.17,5,52,15.8,10.29
Clyde River,CA,1541448000,-68.59,70.47,20,76,-4.01,5.82
Moerai,PF,1541450670,-151.33,-22.43,0,100,75.2,11.05
Totma,RU,1541450670,42.76,59.98,88,97,36.1,9.93
Turbat,PK,1541450671,63.05,26.0,0,34,57.29,6.24
Taltal,CL,1541450671,-70.49,-25.41,0,67,67.37,4.12
Prince Rupert,CA,1541448000,-130.32,54.32,90,81,48.2,3.11
Kavieng,PG,1541450506,150.8,-2.57,44,100,80.78,3.83
Hithadhoo,MV,1541450671,73.08,-0.6,68,100,82.9,3.6
Port Alfred,ZA,1541450392,26.89,-33.59,88,92,59.09,21.83
Mahebourg,MU,1541448000,57.7,-20.41,40,88,73.4,8.05
Kodiak,US,1541447580,-94.76,39.95,90,100,48.02,9.17
Jamestown,AU,1541450580,138.6,-33.21,80,100,62.02,5.91
Sept-Iles,CA,1541448000,-66.38,50.2,90,68,30.2,6.93
Saldanha,PT,1541450672,-6.55,41.42,92,96,44.92,13.89
Busselton,AU,1541450515,115.35,-33.64,56,100,54.23,13.89
Mogadishu,SO,1541450641,45.34,2.04,32,100,80.78,5.23
Port Elizabeth,US,1541448540,-74.98,39.31,90,100,55.98,16.11
Petropavl,KZ,1541450673,69.13,54.87,92,92,29.3,14.63
Dongying,CN,1541450673,118.67,37.43,80,60,49.1,8.59
Hohhot,CN,1541448000,111.65,40.81,0,62,23.0,4.47
Khorixas,NA,1541450673,14.96,-20.37,0,49,60.67,2.89
Sheopur,IN,1541450673,76.7,25.67,0,59,54.77,3.89
Guerrero Negro,MX,1541450674,-114.04,27.97,0,51,78.98,8.63
Tadine,NC,1541450674,167.88,-21.55,44,99,73.22,14.97
Te Anau,NZ,1541450674,167.72,-45.41,8,76,54.82,4.05
Lydenburg,ZA,1541450674,30.46,-25.1,64,85,58.55,1.54
Miracatu,BR,1541450674,-47.45,-24.28,100,94,62.2,6.8
Bredasdorp,ZA,1541448000,20.04,-34.53,100,81,48.2,9.17
San Cristobal,EC,1541448000,-78.55,-0.39,75,45,66.2,6.93
Namatanai,PG,1541450675,152.44,-3.66,76,100,80.6,4.34
Mbandaka,CD,1541450675,18.26,0.05,8,94,75.29,2.04
Longyearbyen,NO,1541447400,15.63,78.22,40,74,28.4,44.96
Saskylakh,RU,1541450676,114.09,71.97,48,67,-15.07,3.11
Portland,US,1541447760,-122.67,45.52,90,92,53.87,6.93
Ilam,IR,1541448000,46.42,33.64,90,100,50.0,9.17
Dikson,RU,1541450676,80.55,73.51,80,100,17.15,25.48
Seddon,NZ,1541450676,174.07,-41.67,0,75,59.77,2.1
Barrow,AR,1541450677,-60.23,-38.31,0,77,60.71,7.4
Axim,GH,1541450677,-2.24,4.87,80,100,79.61,7.58
Takoradi,GH,1541450677,-1.75,4.89,24,100,80.2,7.14
Ouadda,CF,1541450677,22.4,8.07,8,90,70.48,2.77
Popondetta,PG,1541450678,148.24,-8.77,64,91,70.7,2.21
Hermanus,ZA,1541450570,19.24,-34.42,92,70,51.67,6.06
Port Hedland,AU,1541449800,118.58,-20.31,0,88,71.6,6.93
Vila Velha,BR,1541448000,-38.6,-3.71,0,74,82.4,12.75
Kieta,PG,1541450678,155.63,-6.22,92,100,79.25,3.49
Klaeng,TH,1541450679,101.65,12.78,8,100,79.43,1.7
Ilebo,CD,1541450679,20.59,-4.33,92,93,74.48,2.37
New Norfolk,AU,1541449800,147.06,-42.78,75,82,55.4,6.62
Cherkasskoye,RU,1541450679,47.21,52.43,32,92,32.68,5.39
Sorong,ID,1541450679,131.25,-0.86,76,100,78.62,10.6
Ballina,IE,1541450680,-9.15,54.11,36,100,44.65,3.89
Hervey Bay,AU,1541450680,152.85,-25.3,76,95,75.97,13.96
Akureyri,IS,1541448000,-18.09,65.68,0,85,17.6,2.24
Iqaluit,CA,1541448000,-68.52,63.75,90,78,10.4,6.93
Arman,RU,1541448000,150.17,59.7,0,83,-14.81,5.28
Klaksvik,FO,1541447400,-6.59,62.23,24,100,37.4,8.52
Firminy,FR,1541448000,4.29,45.39,0,59,60.55,19.46
Upernavik,GL,1541450681,-56.15,72.79,0,100,17.47,11.05
Valledupar,CO,1541448000,-73.25,10.46,40,58,87.8,5.82
Carutapera,BR,1541450681,-46.02,-1.2,0,67,83.84,11.16
West Bay,GB,1541447400,-2.76,50.71,75,93,50.43,4.7
Arraial do Cabo,BR,1541448000,-42.02,-22.97,90,73,72.52,5.82
Kalianget,ID,1541450682,113.68,-7.74,12,100,72.59,4.83
Chuy,UY,1541450682,-53.46,-33.69,0,72,70.88,16.31
Hasaki,JP,1541448480,140.83,35.73,75,100,58.84,4.7
Port Blair,IN,1541450682,92.75,11.67,8,100,84.02,9.86
Lompoc,US,1541450100,-120.46,34.64,1,43,71.87,8.05
Mahon,IE,1541448000,-8.4,51.89,20,93,46.4,3.36
Hofn,IS,1541450686,-15.21,64.25,68,100,35.15,7.58
Kapurthala,IN,1541449800,75.38,31.38,0,87,57.2,5.39
Ladario,PT,1541450687,-7.74,40.7,92,98,45.41,7.63
Hilo,US,1541447760,-155.08,19.71,20,74,73.96,5.82
San Patricio,PY,1541450687,-56.83,-26.98,56,75,86.05,2.48
Taoudenni,ML,1541450687,-3.98,22.68,0,33,60.44,3.83
Gua Musang,MY,1541450688,101.97,4.88,92,100,72.55,1.88
Rio Gallegos,AR,1541448000,-69.22,-51.62,40,22,53.6,27.51
Waipawa,NZ,1541450688,176.59,-39.94,0,61,61.79,5.5
Krasnaya Gora,RU,1541448000,31.6,53.01,90,100,39.2,6.71
Strezhevoy,RU,1541448000,77.6,60.73,75,84,1.4,4.47
Manjacaze,MZ,1541450689,33.88,-24.71,24,38,77.27,11.95
Quetigny,FR,1541448000,5.12,47.31,24,93,49.03,2.24
Jacareacanga,BR,1541448000,-57.76,-6.22,20,59,91.4,4.7
Namie,JP,1541449800,140.86,37.52,75,93,53.6,1.12
Lagoa,PT,1541448000,-8.45,37.14,20,71,57.2,9.17
Cherskiy,RU,1541450642,161.3,68.75,80,98,7.61,1.54
Victoria,BN,1541449800,115.24,5.28,75,100,77.0,2.24
Port Hardy,CA,1541448000,-127.42,50.7,90,87,51.8,10.29
Oum Hadjer,TD,1541450694,19.7,13.3,0,24,73.63,9.42
Panama City,US,1541448480,-85.65,30.16,90,76,80.06,13.87
Christchurch,NZ,1541448000,172.64,-43.53,0,82,55.4,1.12
Bambous Virieux,MU,1541448000,57.76,-20.34,40,88,73.4,8.05
Batagay,RU,1541450694,134.64,67.65,12,35,-23.94,2.71
Tynda,RU,1541450694,124.74,55.15,76,78,9.37,1.48
Cacu,BR,1541450695,-51.13,-18.56,88,95,74.12,6.13
Kupang,ID,1541450695,123.6,-10.16,0,100,77.68,7.02
Qaanaaq,GL,1541450695,-69.36,77.48,0,100,-3.51,8.81
Buchanan,LR,1541448000,-10.05,5.88,40,94,78.8,6.73
Itarema,BR,1541450696,-39.92,-2.92,12,68,82.13,16.08
Zabol,IR,1541448000,61.49,31.03,0,26,44.6,3.6
Isla Mujeres,MX,1541447160,-86.73,21.23,40,70,84.2,11.41
Karratha,AU,1541450696,116.85,-20.74,0,22,69.98,10.27
Havoysund,NO,1541447400,24.66,71.0,75,93,47.46,36.91
Katsuura,JP,1541446800,134.5,33.93,75,77,59.0,8.05
Ust-Maya,RU,1541450697,134.54,60.42,68,87,1.94,3.04
Pisco,PE,1541448000,-76.2,-13.71,0,30,71.6,9.17
Tessalit,ML,1541450697,1.01,20.2,64,28,72.05,5.35
Shelburne,CA,1541449620,-80.2,44.08,90,93,51.8,4.7
Santa Rosalia,IT,1541447700,13.27,38.07,0,55,63.14,3.36
Faya,SA,1541448000,42.45,18.39,0,76,58.12,2.71
Bernburg,DE,1541449200,11.74,51.79,0,87,50.0,6.93
Komsomolskiy,RU,1541450698,63.78,67.55,92,90,21.29,18.54
Souillac,FR,1541448000,-0.6,45.6,80,76,56.19,2.24
Coihaique,CL,1541448000,-72.07,-45.58,75,75,45.86,3.36
Mayya,RU,1541448000,130.28,61.74,0,84,-2.21,2.37
Bintulu,MY,1541448000,113.03,3.17,90,100,75.2,1.12
Shimoda,JP,1541447100,138.93,34.7,75,82,64.4,4.7
Khatanga,RU,1541450699,102.47,71.98,64,70,-5.53,3.27
Chara,GR,1541447400,22.43,39.42,20,81,53.6,2.24
Vila Franca do Campo,PT,1541448000,-25.43,37.72,40,82,64.4,14.99
Vestmanna,FO,1541447400,-7.17,62.16,12,100,37.4,9.42
Nantucket,US,1541448420,-70.1,41.28,75,89,52.38,21.92
Mongoumba,CD,1541450700,18.59,3.64,64,100,71.02,2.1
Calama,CL,1541448000,-68.93,-22.46,0,10,75.2,24.16
Pacific Grove,US,1541450100,-121.92,36.62,1,29,69.3,4.72
Havre-Saint-Pierre,CA,1541448000,-63.6,50.23,75,77,32.0,2.24
Hovd,NO,1541447400,10.7,63.83,0,80,43.83,8.05
Pevek,RU,1541450701,170.27,69.7,88,100,15.13,1.21
Sunnyside,CA,1541450701,-53.92,47.86,0,88,36.5,8.63
Kaitangata,NZ,1541450701,169.85,-46.28,0,73,59.18,4.61
Mabai,CN,1541450701,104.4,23.01,48,95,57.88,0.87
Kirensk,RU,1541450702,108.12,57.78,48,76,1.85,2.37
Norman Wells,CA,1541448000,-126.83,65.28,75,84,3.2,2.24
Rocha,UY,1541450702,-54.34,-34.48,0,52,75.74,8.75
Vestmannaeyjar,IS,1541450702,-20.27,63.44,80,100,33.8,13.89
Khash,IR,1541450702,61.21,28.22,0,48,29.21,2.89
Viransehir,TR,1541450702,39.76,37.24,92,96,52.7,8.63
Mehamn,NO,1541447400,27.85,71.03,90,159,45.95,17.22
Port-Gentil,GA,1541448000,8.78,-0.72,40,88,80.6,10.29
Sarkand,KZ,1541450703,79.91,45.41,0,54,14.0,3.04
Bathsheba,BB,1541448000,-59.52,13.22,20,74,86.0,11.41
Buin,CL,1541448000,-70.74,-33.73,0,5,81.18,6.93
Karaton,ID,1541448000,106.1,-6.34,20,88,80.6,4.7
Ostersund,SE,1541447400,14.64,63.18,0,86,39.2,9.17
Ahipara,NZ,1541450704,173.16,-35.17,80,79,61.61,6.58
Ulety,RU,1541450704,112.48,51.36,0,63,7.07,5.12
Touros,BR,1541450704,-35.46,-5.2,24,80,79.75,13.85
Verkhoyansk,RU,1541450704,133.39,67.55,24,62,-22.0,2.26
Los Llanos de Aridane,ES,1541448000,-17.92,28.66,75,73,69.8,12.75
Iskateley,RU,1541450704,53.15,67.68,92,95,36.05,15.41
Viseu,PT,1541450704,-7.91,40.66,92,98,45.41,7.63
Saint-Pierre,FR,1541448000,4.24,48.95,0,76,56.19,13.87
Snezhnogorsk,RU,1541448000,33.23,69.19,0,86,39.2,6.71
Bilma,NE,1541450705,12.92,18.69,0,25,63.41,4.27
Teguise,ES,1541448000,-13.56,29.06,40,77,68.0,14.99
Reconquista,AR,1541450705,-59.64,-29.14,24,49,87.4,4.83
Zabaykalsk,CN,1541450705,117.33,49.64,0,66,6.71,6.29
Coruripe,BR,1541450706,-36.18,-10.12,44,97,78.44,13.78
Esfahan,IR,1541448000,51.68,32.66,0,29,48.2,6.93
Vinh Long,VN,1541450706,105.97,10.25,68,94,79.34,4.56
Lebu,ET,1541450706,38.73,8.96,0,80,49.55,4.23
Vieux Fort,LC,1541448000,-60.95,13.72,75,74,85.03,13.87
Altay,CN,1541450707,88.13,47.83,0,45,-10.93,2.55
Pskov,RU,1541448000,28.33,57.82,76,93,37.4,4.47
Diffa,NE,1541450707,12.61,13.32,0,31,72.41,6.24
Cambuci,BR,1541450707,-41.91,-21.57,80,90,69.44,5.39
Tocopilla,CL,1541450707,-70.2,-22.09,0,81,65.53,5.57
Narsaq,GL,1541447400,-46.05,60.91,20,47,14.0,6.93
Saint George,GR,1541447400,22.34,39.45,20,81,53.6,2.24
Abha,SA,1541448000,42.5,18.22,0,76,58.14,2.26
Catuday,PH,1541450708,119.81,16.29,0,98,77.05,4.72
Lake Cowichan,CA,1541448000,-124.05,48.82,75,71,54.81,6.93
Evensk,RU,1541450708,159.24,61.92,36,100,14.95,5.84
Aklavik,CA,1541448000,-135.01,68.22,90,85,9.36,9.17
Oriximina,BR,1541450708,-55.87,-1.77,64,77,83.21,2.37
Haapiti,PF,1541449800,-149.87,-17.57,75,70,86.0,16.11
Zhanaozen,KZ,1541450709,52.85,43.35,20,43,34.7,10.65
Nieuw Amsterdam,SR,1541448000,-55.08,5.88,40,59,89.6,8.05
Yinchuan,CN,1541450709,106.21,38.48,64,69,22.64,2.89
Asyut,EG,1541448000,31.19,27.18,0,59,66.2,9.17
Turukhansk,RU,1541450709,87.96,65.8,76,80,6.4,10.65
Long Beach,US,1541447760,-89.15,30.35,40,79,80.37,8.05
Bereda,ES,1541448000,-7.54,43.27,40,76,51.8,9.17
Constitucion,MX,1541447340,-104.67,23.99,5,35,73.4,4.7
San Policarpo,PH,1541450710,125.51,12.18,76,100,78.58,9.37
Hambantota,LK,1541450710,81.12,6.12,92,100,74.21,4.79
Alofi,NU,1541450710,-169.92,-19.06,88,100,76.91,18.88
Kota Kinabalu,MY,1541449800,116.07,5.98,75,94,77.0,5.82
Talnakh,RU,1541450711,88.39,69.49,88,97,12.2,6.4
Pangkalanbuun,ID,1541450711,111.62,-2.68,56,98,73.94,2.89
Bilecik,TR,1541447400,29.98,40.14,0,93,50.92,3.36
Wanxian,CN,1541450711,108.39,30.8,92,100,49.64,2.48
Dukat,RS,1541450712,22.31,42.44,12,79,38.08,1.81
Praia da Vitoria,PT,1541448000,-27.07,38.73,20,77,66.2,26.71
Tafresh,IR,1541450712,50.01,34.69,44,97,37.13,1.54
Ilulissat,GL,1541447400,-51.1,69.22,5,46,6.8,11.41
Yuli,NG,1541450712,9.86,10.52,36,31,76.42,5.5
Awjilah,LY,1541450712,21.3,29.14,0,60,63.37,8.3
Yerbogachen,RU,1541450713,108.01,61.28,44,72,0.5,4.34
Makakilo City,US,1541448660,-158.09,21.35,75,74,80.92,11.41
Batemans Bay,AU,1541450713,150.18,-35.71,92,78,71.24,4.23
Severo-Kurilsk,RU,1541450713,156.12,50.68,56,100,37.63,10.27
Ambon,FR,1541448000,-2.56,47.55,0,93,50.0,3.36
Hamilton,CA,1541449980,-79.87,43.26,90,87,52.14,6.93
Neiafu,TO,1541448000,-173.98,-18.65,75,65,77.0,5.82
Chifeng,CN,1541450714,118.96,42.27,0,67,17.96,5.61
Anadyr,RU,1541448000,177.51,64.73,20,80,30.2,15.66
Svetlogorsk,RU,1541448000,59.15,53.14,90,84,32.0,6.71
Murgab,TM,1541448000,61.97,37.5,75,74,44.6,6.93
Artyom,RU,1541448000,132.19,43.36,12,73,23.0,2.24
Gadoros,HU,1541447100,20.6,46.67,0,87,50.05,2.24
Quelimane,MZ,1541448000,36.89,-17.88,0,68,71.6,5.82
Mareeba,AU,1541449800,145.42,-16.99,20,78,77.0,8.05
Hokitika,NZ,1541450716,170.96,-42.72,76,96,54.68,1.88
Ormara,PK,1541450716,64.64,25.21,0,92,72.41,6.51
Black Diamond,CA,1541449680,-114.23,50.69,90,73,23.0,4.7
Kavaratti,IN,1541450716,72.64,10.57,32,100,83.8,4.79
Imeni Poliny Osipenko,RU,1541450717,136.49,52.42,0,70,7.16,2.89
Cabo San Lucas,MX,1541446860,-109.91,22.89,5,54,83.5,10.29
Cidreira,BR,1541450717,-50.22,-30.17,0,70,72.1,18.43
Moron,VE,1541450717,-68.2,10.49,32,68,78.98,4.5
Solnechnyy,RU,1541450717,136.64,50.72,8,69,11.62,4.12
Tarut,SA,1541449800,50.06,26.57,0,65,80.01,16.11
Caxito,BR,1541448000,-42.51,-22.65,75,64,72.48,11.41
Yumen,CN,1541450718,97.04,40.29,68,67,23.54,2.33
Paamiut,GL,1541450718,-49.67,61.99,0,100,28.04,35.43
Butterworth,MY,1541449800,100.37,5.4,75,88,77.83,2.24
Aykhal,RU,1541450718,111.51,65.95,24,58,-13.41,3.0
Alugan,PH,1541450719,125.48,12.22,76,100,78.58,9.37
Salvador,BR,1541448000,-38.48,-12.98,40,74,82.4,16.11
Auki,NG,1541450719,6.51,12.18,0,48,69.89,2.89
Sitka,US,1541450719,-99.65,37.17,0,33,64.67,18.37
Sibolga,ID,1541450719,98.78,1.74,88,100,69.62,1.36
Menongue,AO,1541450720,17.68,-14.66,12,79,66.25,2.26
Anito,PH,1541450720,125.29,12.45,44,97,82.85,20.67
Plettenberg Bay,ZA,1541450720,23.37,-34.05,8,100,56.48,28.39
Berekua,DM,1541448000,-61.32,15.23,75,70,83.16,2.24
Kudahuvadhoo,MV,1541450721,72.89,2.67,32,100,82.72,0.31
Mendoza,AR,1541448000,-68.84,-32.89,0,28,82.4,11.41
Port Augusta,AU,1541448000,137.76,-32.49,90,88,62.6,9.17
Caohe,CN,1541450721,105.08,32.93,36,76,27.82,1.88
Karasjok,NO,1541447400,25.52,69.47,0,61,48.2,29.97
La Macarena,CO,1541450722,-73.79,2.18,0,62,85.01,3.56
Esperance,TT,1541448000,-61.45,10.24,20,83,82.4,4.12
Sangar,RU,1541450722,127.47,63.92,76,59,4.87,9.53
Tuktoyaktuk,CA,1541448000,-133.03,69.44,90,84,5.0,4.7
Poltavka,RU,1541450723,71.76,54.36,88,98,31.37,5.57
Marzuq,YE,1541450723,46.47,14.4,0,90,47.39,2.37
San Ramon de la Nueva Oran,AR,1541450696,-64.33,-23.13,36,86,81.5,6.73
Mandalgovi,MN,1541450723,106.27,45.76,0,76,8.47,5.12
Coquimbo,CL,1541448000,-71.34,-29.95,0,68,64.4,12.75
Neuquen,AR,1541448000,-68.06,-38.95,0,22,69.8,5.82
Pinhao,BR,1541450724,-51.66,-25.7,0,66,72.05,3.27
Sinazongwe,ZM,1541450724,27.46,-17.26,12,73,73.72,3.22
Pangoa,PE,1541450724,-73.0,-12.12,48,82,73.45,2.55
Nanortalik,GL,1541450724,-45.24,60.14,0,100,26.65,36.66
Leh,IN,1541450725,77.58,34.16,0,43,-36.99,1.81
Kyshtovka,RU,1541450725,76.62,56.56,32,88,20.98,10.38
Akdagmadeni,TR,1541450725,35.88,39.66,0,70,27.55,2.55
Luderitz,NA,1541448000,15.16,-26.65,0,55,60.8,23.04
Sao Filipe,CV,1541450728,-24.5,14.9,8,98,76.82,11.77
Cabrera,CO,1541450729,-74.48,3.98,64,85,62.87,2.82
Okhotsk,RU,1541450729,143.24,59.36,44,100,3.47,6.62
Kondinskoye,RU,1541450729,67.41,59.65,0,87,7.07,2.77
Kruisfontein,ZA,1541450729,24.73,-34.0,44,86,55.94,24.58
Salihorsk,BY,1541450729,27.54,52.79,0,93,45.95,11.95
Tura,IN,1541450540,90.21,25.52,24,96,65.98,2.89
Sioux Lookout,CA,1541449980,-91.92,50.1,90,100,33.8,2.24
Verkhniye Tatyshly,RU,1541450730,55.86,56.29,0,75,17.2,2.89
Mantua,IT,1541447700,10.79,45.16,75,82,60.35,9.17
Senneterre,CA,1541449800,-77.24,48.39,90,100,33.8,12.75
Sur,OM,1541450730,59.53,22.57,0,100,74.08,3.11
Wuhu,CN,1541450731,118.43,31.35,100,100,62.02,7.02
Kahului,US,1541447760,-156.47,20.89,1,63,81.3,21.92
Iisalmi,FI,1541449200,27.19,63.56,40,93,39.2,4.7
Morris,US,1541447700,-88.42,41.36,90,70,50.2,10.29
Newport,GB,1541447400,-3.0,51.59,90,100,53.6,8.05
Neyshabur,IR,1541450731,58.79,36.21,36,58,32.72,2.37
La Tuque,CA,1541450533,-72.79,47.44,76,73,35.38,8.08
Pundaguitan,PH,1541450732,126.17,6.37,44,100,80.42,5.84
Krasnovka,RU,1541450732,40.26,48.37,0,93,33.13,7.14
Bandarbeyla,SO,1541450732,50.81,9.49,8,100,80.33,14.29
Parry Sound,CA,1541450702,-80.04,45.34,92,96,49.42,7.85
Leshukonskoye,RU,1541450733,45.76,64.9,88,96,35.83,8.52
Lovozero,RU,1541450733,35.02,68.01,0,93,35.69,6.4
Ayan,TR,1541450733,33.6,40.67,0,71,26.92,2.1
Tenenkou,ML,1541450733,-4.91,14.46,12,66,81.32,2.55
Ponta do Sol,BR,1541450734,-46.0,-20.63,92,98,67.55,4.83
La Asuncion,EC,1541448000,-78.74,-1.64,90,63,64.62,1.48
Narbonne,FR,1541448000,3.0,43.18,90,72,62.56,13.87
Ust-Nera,RU,1541450734,143.24,64.57,32,60,-22.9,1.88
Dudinka,RU,1541450734,86.18,69.41,80,90,12.74,10.27
Terrace,CA,1541448720,-128.61,54.52,90,93,44.6,2.24
Palmer,AU,1541449800,139.16,-34.85,75,72,62.6,9.17
Joshimath,IN,1541450735,79.57,30.57,0,100,-3.1,0.09
Gobabis,NA,1541448000,18.97,-22.45,0,11,80.6,6.93
Bonfim,BR,1541448000,-44.24,-20.33,75,73,71.6,11.41
Kualakapuas,ID,1541450736,114.39,-3.01,76,94,77.0,2.21
Big Spring,US,1541448900,-101.48,32.25,1,28,78.75,12.75
Sinnamary,GF,1541450736,-52.96,5.38,8,92,82.72,12.95
Aloleng,PH,1541450737,119.78,16.13,0,98,77.05,4.72
Santa Maria,BR,1541448000,-53.81,-29.69,20,54,84.2,9.17
Mount Gambier,AU,1541450738,140.78,-37.83,0,93,54.5,3.56
Cayenne,GF,1541449800,-52.33,4.94,75,74,84.2,8.05
Namibe,AO,1541450739,12.15,-15.19,0,100,72.73,8.93
Alamosa,US,1541447520,-105.87,37.47,1,27,48.92,11.41
Port-Cartier,CA,1541448000,-66.88,50.03,90,68,30.2,6.93
Severobaykalsk,RU,1541450739,109.32,55.65,56,75,5.18,3.0
Novoagansk,RU,1541450739,76.66,61.94,0,73,-2.38,2.55
Tigil,RU,1541450740,158.67,57.8,68,79,25.75,8.03
Kedrovyy,RU,1541448000,91.82,56.17,75,83,32.0,13.42
Sabya,YE,1541450740,43.1,16.19,56,75,73.45,2.89
Virginia Beach,US,1541448900,-75.98,36.85,75,84,68.88,8.05
Caldas Novas,BR,1541450740,-48.62,-17.75,92,100,67.87,3.38
Jiexiu,CN,1541450741,111.92,37.02,80,89,30.11,2.71
Aguimes,ES,1541448000,-15.45,27.91,20,68,69.8,12.75
Bolshevik,BY,1541448000,27.57,54.01,90,93,44.6,8.95
Kedougou,SN,1541450742,-12.19,12.56,32,67,79.16,3.49
Avera,US,1541450100,-82.53,33.19,90,93,67.71,4.7
Raudeberg,NO,1541447400,5.14,61.99,40,66,47.59,11.41
Maniwaki,CA,1541450743,-75.98,46.38,92,99,40.6,8.37
Ossora,RU,1541450743,163.07,59.24,0,100,27.95,19.15
Iquitos,PE,1541448000,-73.25,-3.75,75,88,78.8,8.05
Amapa,HN,1541448000,-87.97,15.09,20,52,91.4,11.41
Flinders,AU,1541448000,150.85,-34.58,0,50,75.2,11.41
Simao,CN,1541450744,100.79,22.76,0,89,48.88,2.04
Watsa,CD,1541450745,29.53,3.04,20,96,64.4,1.36
Daru,SL,1541450745,-10.85,7.99,68,95,74.08,4.34
Ancud,CL,1541450745,-73.83,-41.87,12,68,52.52,6.29
Arroyo,US,1541447640,-78.88,41.39,90,86,48.96,9.17
Ouidah,BJ,1541448000,2.09,6.37,40,83,80.6,4.7
Alihe,CN,1541450746,123.73,50.57,8,73,11.3,5.61
Sakharovo,RU,1541450746,36.05,56.9,80,97,31.28,6.13
Torbay,CA,1541448000,-52.73,47.66,40,80,35.6,3.36
Noumea,NC,1541449800,166.46,-22.28,90,57,77.0,6.93
Jieshi,CN,1541450747,115.83,22.82,0,100,71.51,12.1
Paris,FR,1541446200,2.35,48.86,0,82,55.83,4.7
Dalvik,SE,1541447400,14.13,57.79,75,93,46.4,6.93
Lehigh Acres,US,1541447880,-81.62,26.63,40,47,86.54,6.62
Mossendjo,CG,1541450747,12.72,-2.95,56,95,73.72,2.1
Waddan,LY,1541450748,16.14,29.16,0,65,57.7,3.71
Jalingo,NG,1541450748,10.93,10.3,76,34,86.18,5.39
Nome,US,1541448900,-94.42,30.04,90,77,81.66,14.99
Lamu,ID,1541450748,122.3,0.57,0,100,71.51,2.04
Fort Nelson,CA,1541448420,-122.69,58.81,90,78,17.6,2.24
Svetlaya,RU,1541450748,138.33,46.54,0,100,31.87,10.94
Bubaque,GW,1541448000,-15.83,11.28,20,70,84.2,4.7
Artvin,TR,1541449800,41.83,41.18,0,93,55.4,8.05
Puerto Leguizamo,CO,1541450457,-74.78,-0.19,20,66,88.57,3.56
Sarahan,IN,1541450749,77.79,31.51,0,65,-18.85,1.99
Berlevag,NO,1541447400,29.09,70.86,40,75,41.63,23.04
Marsa Matruh,EG,1541448000,27.25,31.35,40,73,71.6,5.82
Broome,GB,1541449200,1.45,52.47,12,93,51.94,6.93
Dzheguta,RU,1541450750,42.04,43.97,8,77,22.6,1.88
Qaqortoq,GL,1541447400,-46.03,60.72,20,47,14.0,6.93
Acapulco,MX,1541447040,-99.88,16.86,40,70,86.0,4.7
Leningradskiy,RU,1541450751,178.42,69.38,88,100,23.0,8.25
Rawson,AR,1541450751,-65.11,-43.3,76,27,61.88,24.07
Khandbari,NP,1541450751,87.21,27.38,20,87,34.97,0.54
Jashpurnagar,IN,1541450755,84.14,22.88,32,93,64.58,2.77
Anqing,CN,1541450755,117.04,30.51,92,100,61.61,5.57
Isangel,VU,1541450755,169.27,-19.55,64,100,75.29,17.2
Ouro Preto do Oeste,BR,1541450755,-62.22,-10.75,20,73,85.46,2.37
Ussel,FR,1541450756,2.31,45.55,64,58,56.62,15.64
Fuling,CN,1541450756,107.39,29.71,92,100,52.3,3.04
Luwuk,ID,1541450756,122.79,-0.95,88,95,79.79,2.89
Tazovskiy,RU,1541450756,78.7,67.47,80,80,10.58,17.09
Huilong,CN,1541450756,110.18,28.89,92,98,46.49,5.91
Nishihara,JP,1541449800,139.53,35.74,75,93,62.78,6.93
Kushiro,JP,1541450757,144.15,43.11,32,88,37.58,2.33
Puerto Escondido,MX,1541446800,-97.07,15.86,40,70,84.2,10.29
Nuevitas,CU,1541447400,-77.27,21.55,40,62,84.2,17.22
Belomorsk,RU,1541450758,34.76,64.52,8,93,39.65,11.83
Salina Cruz,MX,1541450758,-95.2,16.18,12,52,88.25,3.11
Hudiksvall,SE,1541450758,17.1,61.73,20,100,39.56,8.03
Ozernovskiy,RU,1541450758,156.52,51.5,92,88,36.77,10.16
Barcelos,PT,1541448000,-8.62,41.53,20,87,53.6,1.12
Lapa,BR,1541448000,-49.72,-25.77,75,72,62.6,11.41
Cururupu,BR,1541450759,-44.87,-1.82,12,63,83.93,10.6
Grand-Santi,GF,1541450759,-54.38,4.27,36,97,78.98,1.54
Mragowo,PL,1541450760,21.31,53.86,0,93,48.56,12.44
Poum,MK,1541448000,20.71,41.28,20,70,46.4,4.7
Stubbekobing,DK,1541450760,12.04,54.89,44,90,52.52,16.58
Penzance,GB,1541449560,-5.53,50.12,75,100,51.8,10.29
Hereford,GB,1541450760,-2.72,52.06,44,96,49.73,8.86
Bagdarin,RU,1541450761,113.59,54.44,0,52,-6.93,3.78
Cumra,TR,1541447400,32.77,37.57,0,45,46.4,9.17
Belyy Yar,RU,1541448000,91.39,53.6,0,55,35.6,22.37
Balabac,PH,1541450761,117.06,7.99,88,100,83.66,13.67
Hrebinka,UA,1541450762,32.43,50.12,0,85,32.32,3.22
Astara,AZ,1541448000,48.87,38.42,75,87,47.84,1.59
Katobu,ID,1541450762,122.53,-4.94,20,100,78.53,2.71
Mecca,SA,1541450719,39.83,21.43,20,87,65.12,3.04
Calvinia,ZA,1541450762,19.78,-31.47,0,62,40.6,7.74
Bambanglipuro,ID,1541450762,110.28,-7.95,88,95,74.35,2.55
Nouadhibou,MR,1541448000,-17.03,20.93,0,72,68.0,16.11
Montalvo,ES,1541448000,-5.66,40.94,75,93,42.8,14.99
Natal,BR,1541448000,-35.21,-5.81,20,65,82.4,13.87
Nekhayevskiy,RU,1541450763,41.76,50.41,76,97,35.87,5.06
Winslow,GB,1541449860,-0.88,51.94,75,93,52.41,8.05
Lubango,AO,1541450656,13.49,-14.92,32,82,62.83,1.21
Adrar,DZ,1541448000,-0.29,27.87,0,28,71.6,5.82
Manavalakurichi,IN,1541449800,77.3,8.13,75,94,80.6,3.36
Olinda,EC,1541448000,-79.75,-2.03,75,55,86.0,6.93
Buta,CD,1541450764,24.73,2.79,100,93,74.35,2.04
Singaraja,ID,1541448000,115.08,-8.11,20,94,80.6,8.05
Middle Island,US,1541449740,-72.94,40.88,90,85,52.29,12.75
Antofagasta,CL,1541448000,-70.4,-23.65,40,72,62.6,16.11
Alice Springs,AU,1541449800,133.88,-23.7,32,69,75.2,8.05
Pontes e Lacerda,BR,1541450765,-59.33,-15.23,24,91,78.17,5.79
Kununurra,AU,1541449800,128.74,-15.77,12,88,80.6,5.82
Laela,TZ,1541450593,32.05,-8.57,0,74,61.3,2.71
Lavrentiya,RU,1541450769,-170.99,65.58,92,97,39.7,24.36
Karonga,MW,1541450769,33.93,-9.94,0,96,76.6,7.02
La Ronge,CA,1541448960,-105.3,55.1,90,78,15.8,13.87
Coracao de Jesus,BR,1541450770,-44.37,-16.69,48,85,73.31,7.07
Nabire,ID,1541450770,135.5,-3.36,68,96,68.81,1.81
Dingle,PH,1541450770,122.67,11.0,44,90,77.81,10.76
Stutterheim,ZA,1541450770,27.43,-32.57,92,98,49.46,5.28
Ahuimanu,US,1541450460,-157.84,21.44,75,74,80.98,8.05
Peterhead,AU,1541449800,138.5,-34.83,75,72,62.6,9.17
Fairbanks,US,1541447880,-147.72,64.84,1,79,-0.21,2.21
Quatre Cocos,MU,1541448000,57.76,-20.21,40,88,73.4,8.05
Darhan,MN,1541450771,105.92,49.49,0,59,8.69,6.8
Half Moon Bay,US,1541448720,-122.43,37.46,1,54,71.04,16.11
Paoua,CF,1541450772,16.43,7.24,100,38,86.18,9.42
Verkhnevilyuysk,RU,1541450772,120.31,63.45,48,69,9.5,5.5
New Baltimore,US,1541448900,-82.74,42.68,75,71,53.85,8.05
Bandundu,CD,1541450772,17.38,-3.32,48,93,75.56,1.99
Jalu,LY,1541450773,21.55,29.03,0,56,62.92,8.14
Teya,MX,1541447160,-89.07,21.05,75,52,89.6,6.93
Codrington,AU,1541450773,153.24,-28.95,0,90,74.48,3.38
Clovis,US,1541450100,-119.7,36.83,1,35,72.64,4.7
Qandala,SO,1541450774,49.87,11.47,12,100,65.62,3.49
Okha,RU,1541450774,142.95,53.59,64,100,18.5,5.28
The Valley,AI,1541448000,-63.06,18.22,40,94,76.21,14.99
Sambava,MG,1541450774,50.17,-14.27,100,100,77.23,12.1
Alta Floresta,BR,1541450775,-56.08,-9.87,44,86,81.1,1.77
Cordoba,CO,1541450775,-73.79,5.59,44,76,59.0,2.77
Butajira,ET,1541450775,38.38,8.12,56,89,54.32,2.77
Deputatskiy,RU,1541450775,139.9,69.3,56,57,-20.83,2.77
Seoul,KR,1541449800,126.98,37.57,0,76,45.99,3.36
Chiredzi,ZW,1541450776,31.67,-21.05,44,54,72.37,8.3
Moree,AU,1541450776,149.84,-29.46,68,47,79.61,15.86
Imamoglu,TR,1541447400,35.66,37.26,75,77,60.8,3.36
Bage,NG,1541450776,11.38,10.95,8,34,77.63,6.85
Porto Novo,BR,1541450776,-45.44,-23.68,92,96,63.86,8.37
Riohacha,CO,1541448000,-72.91,11.54,20,74,86.0,11.41
Jacmel,HT,1541448000,-72.54,18.24,40,58,86.0,9.17
Goroka,PG,1541450777,145.39,-6.07,92,99,58.55,1.81
Birjand,IR,1541448000,59.22,32.86,0,35,42.8,4.7
Orotukan,RU,1541450778,151.67,62.26,0,100,-19.08,2.77
Seguin,US,1541448960,-97.96,29.57,75,69,76.15,8.05
Muyezerskiy,RU,1541450778,31.65,63.93,76,89,39.38,7.4
Wagga Wagga,AU,1541448000,147.37,-35.12,90,100,64.4,8.05
Rodino,RU,1541450778,80.2,52.5,92,98,33.35,15.41
Sakaiminato,JP,1541448000,133.23,35.55,75,87,59.0,2.24
Pudozh,RU,1541450779,36.54,61.81,92,94,39.88,13.85
San Martin,EC,1541448000,-78.52,-0.3,75,45,66.2,6.93
Altamira,BR,1541450779,-52.21,-3.2,80,73,84.97,1.7
Manokwari,ID,1541450780,134.08,-0.87,20,100,82.27,1.25
Semey,KZ,1541450780,80.25,50.41,92,84,32.18,10.76
Dzhebariki-Khaya,RU,1541450780,135.8,62.22,36,94,-4.9,2.71
Batagay-Alyta,RU,1541450780,130.41,67.8,44,60,-22.45,2.37
Japura,ID,1541450781,102.29,-0.42,88,98,72.59,2.37
Vao,EE,1541450781,26.19,59.1,88,99,40.19,6.58
Nurlat,RU,1541450781,50.8,54.43,88,95,35.02,3.22
Xushan,CN,1541448000,121.25,30.18,75,93,66.2,4.47
Pontianak,ID,1541450781,109.34,-0.02,48,100,77.5,2.04
Tomatlan,MX,1541450782,-105.25,19.93,20,68,84.25,4.38
Magnor,SE,1541450782,12.2,59.95,92,100,40.87,2.77
